INSERT INTO PUBLIC.PROFILE
(ID, PROFILE_NAME, BIO, PICTURE_URL, IS_PRIVATE, CREATED_AT, UPDATED_AT, DELETED_AT, BLOCKED_UNTIL, VERSION, ACCOUNT_ID)
VALUES(101, 'pinco_pallino', 'Profilo di Pinco', 'https://upload.wikimedia.org/wikipedia/commons/7/7e/Circle-icons-profile.svg', false, '2023-09-22 14:20:01.944', NULL, NULL, NULL, 0, 101);
-- Profile id 102 to be deleted in ProfilesIT
INSERT INTO PUBLIC.PROFILE
(ID, PROFILE_NAME, BIO, PICTURE_URL, IS_PRIVATE, CREATED_AT, UPDATED_AT, DELETED_AT, BLOCKED_UNTIL, VERSION, ACCOUNT_ID)
VALUES(102, 'marioBros', 'Profilo di Mario', 'https://upload.wikimedia.org/wikipedia/commons/7/7e/Circle-icons-profile.svg', false, '2023-09-22 14:20:21.068', NULL, NULL, NULL, 0, 102);
INSERT INTO PUBLIC.PROFILE
(ID, PROFILE_NAME, BIO, PICTURE_URL, IS_PRIVATE, CREATED_AT, UPDATED_AT, DELETED_AT, BLOCKED_UNTIL, VERSION, ACCOUNT_ID)
VALUES(103, 'luigiBros', 'Benvenuti!!', 'https://upload.wikimedia.org/wikipedia/commons/7/7e/Circle-icons-profile.svg', false, '2023-09-22 14:20:32.057', NULL, NULL, NULL, 0, 103);
INSERT INTO PUBLIC.PROFILE
(ID, PROFILE_NAME, BIO, PICTURE_URL, IS_PRIVATE, CREATED_AT, UPDATED_AT, DELETED_AT, BLOCKED_UNTIL, VERSION, ACCOUNT_ID)
VALUES(104, 'pinco_pallino2', 'Secondo profilo di Pinco', 'https://upload.wikimedia.org/wikipedia/commons/7/7e/Circle-icons-profile.svg', false, '2023-09-22 14:20:01.944', NULL, NULL, NULL, 0, 101);
-- Profile id 105 is a private profile
INSERT INTO PUBLIC.PROFILE
(ID, PROFILE_NAME, BIO, PICTURE_URL, IS_PRIVATE, CREATED_AT, UPDATED_AT, DELETED_AT, BLOCKED_UNTIL, VERSION, ACCOUNT_ID)
VALUES(105, 'tony_stark', 'Profilo di Tony', 'https://upload.wikimedia.org/wikipedia/commons/7/7e/Circle-icons-profile.svg', true, '2023-09-22 14:20:01.944', NULL, NULL, NULL, 0, 104);

INSERT INTO PUBLIC.PROFILE
(ID, PROFILE_NAME, BIO, PICTURE_URL, IS_PRIVATE, CREATED_AT, UPDATED_AT, DELETED_AT, BLOCKED_UNTIL, VERSION, ACCOUNT_ID)
VALUES(106, 'matt_murdock', 'Profilo di Murdock', 'https://upload.wikimedia.org/wikipedia/commons/7/7e/Circle-icons-profile.svg', false, '2023-09-22 14:20:01.944', NULL, NULL, NULL, 0, 105);

-- Profile id 101 to unfollow 104 on FollowsIT
INSERT INTO PUBLIC.FOLLOWS
(FOLLOWER_ID, FOLLOWED_ID, REQUEST_STATUS, FOLLOWED_AT, UNFOLLOWED_AT, VERSION)
VALUES(101, 104, 'ACCEPTED', '2023-09-22 18:22:05', NULL, 0);
INSERT INTO PUBLIC.FOLLOWS
(FOLLOWER_ID, FOLLOWED_ID, REQUEST_STATUS, FOLLOWED_AT, UNFOLLOWED_AT, VERSION)
VALUES(102, 101, 'ACCEPTED', '2023-09-22 18:23:05', NULL, 0);
INSERT INTO PUBLIC.FOLLOWS
(FOLLOWER_ID, FOLLOWED_ID, REQUEST_STATUS, FOLLOWED_AT, UNFOLLOWED_AT, VERSION)
VALUES(102, 103, 'ACCEPTED', '2023-09-22 18:24:05', NULL, 0);
INSERT INTO PUBLIC.FOLLOWS
(FOLLOWER_ID, FOLLOWED_ID, REQUEST_STATUS, FOLLOWED_AT, UNFOLLOWED_AT, VERSION)
VALUES(102, 104, 'ACCEPTED', '2023-09-22 18:25:05', NULL, 0);
INSERT INTO PUBLIC.FOLLOWS
(FOLLOWER_ID, FOLLOWED_ID, REQUEST_STATUS, FOLLOWED_AT, UNFOLLOWED_AT, VERSION)
VALUES(103, 101, 'ACCEPTED', '2023-09-22 18:26:05', NULL, 0);
INSERT INTO PUBLIC.FOLLOWS
(FOLLOWER_ID, FOLLOWED_ID, REQUEST_STATUS, FOLLOWED_AT, UNFOLLOWED_AT, VERSION)
VALUES(103, 102, 'ACCEPTED', '2023-09-22 18:27:05', NULL, 0);
INSERT INTO PUBLIC.FOLLOWS
(FOLLOWER_ID, FOLLOWED_ID, REQUEST_STATUS, FOLLOWED_AT, UNFOLLOWED_AT, VERSION)
VALUES(103, 104, 'ACCEPTED', '2023-09-22 18:28:05', NULL, 0);

-- Profile 105 to accept 103 in FollowsIT
INSERT INTO PUBLIC.FOLLOWS
(FOLLOWER_ID, FOLLOWED_ID, REQUEST_STATUS, FOLLOWED_AT, UNFOLLOWED_AT, VERSION)
VALUES(103, 105, 'PENDING', '2023-09-22 18:22:05', NULL, 0);

-- Profile 105 to reject 104 in FollowsIT
INSERT INTO PUBLIC.FOLLOWS
(FOLLOWER_ID, FOLLOWED_ID, REQUEST_STATUS, FOLLOWED_AT, UNFOLLOWED_AT, VERSION)
VALUES(104, 105, 'PENDING', '2023-09-22 18:22:05', NULL, 0);

-- Profile 101 to block 104
INSERT INTO PUBLIC.FOLLOWS
(FOLLOWER_ID, FOLLOWED_ID, REQUEST_STATUS, FOLLOWED_AT, UNFOLLOWED_AT, VERSION)
VALUES(104, 101, 'ACCEPTED', '2023-09-22 18:29:05', NULL, 0);
INSERT INTO PUBLIC.FOLLOWS
(FOLLOWER_ID, FOLLOWED_ID, REQUEST_STATUS, FOLLOWED_AT, UNFOLLOWED_AT, VERSION)
VALUES(104, 102, 'ACCEPTED', '2023-09-22 18:30:05', NULL, 0);

INSERT INTO PUBLIC.FOLLOWS
(FOLLOWER_ID, FOLLOWED_ID, REQUEST_STATUS, FOLLOWED_AT, UNFOLLOWED_AT, VERSION)
VALUES(106, 101, 'ACCEPTED', '2023-09-22 18:30:05', NULL, 0);

INSERT INTO PUBLIC.FOLLOWS
(FOLLOWER_ID, FOLLOWED_ID, REQUEST_STATUS, FOLLOWED_AT, UNFOLLOWED_AT, VERSION)
VALUES(106, 102, 'ACCEPTED', '2023-09-22 18:30:05', NULL, 0);

INSERT INTO PUBLIC.FOLLOWS
(FOLLOWER_ID, FOLLOWED_ID, REQUEST_STATUS, FOLLOWED_AT, UNFOLLOWED_AT, VERSION)
VALUES(106, 103, 'ACCEPTED', '2023-09-22 18:30:05', NULL, 0);

INSERT INTO PUBLIC.FOLLOWS
(FOLLOWER_ID, FOLLOWED_ID, REQUEST_STATUS, FOLLOWED_AT, UNFOLLOWED_AT, VERSION)
VALUES(106, 104, 'ACCEPTED', '2023-09-22 18:30:05', NULL, 0);

INSERT INTO PUBLIC.FOLLOWS
(FOLLOWER_ID, FOLLOWED_ID, REQUEST_STATUS, FOLLOWED_AT, UNFOLLOWED_AT, VERSION)
VALUES(106, 105, 'ACCEPTED', '2023-09-22 18:30:05', NULL, 0);

INSERT INTO PUBLIC.FOLLOWS
(FOLLOWER_ID, FOLLOWED_ID, REQUEST_STATUS, FOLLOWED_AT, UNFOLLOWED_AT, VERSION)
VALUES(101, 106, 'ACCEPTED', '2023-09-22 18:30:05', NULL, 0);

INSERT INTO PUBLIC.FOLLOWS
(FOLLOWER_ID, FOLLOWED_ID, REQUEST_STATUS, FOLLOWED_AT, UNFOLLOWED_AT, VERSION)
VALUES(102, 106, 'ACCEPTED', '2023-09-22 18:30:05', NULL, 0);

INSERT INTO PUBLIC.FOLLOWS
(FOLLOWER_ID, FOLLOWED_ID, REQUEST_STATUS, FOLLOWED_AT, UNFOLLOWED_AT, VERSION)
VALUES(103, 106, 'ACCEPTED', '2023-09-22 18:30:05', NULL, 0);

INSERT INTO PUBLIC.FOLLOWS
(FOLLOWER_ID, FOLLOWED_ID, REQUEST_STATUS, FOLLOWED_AT, UNFOLLOWED_AT, VERSION)
VALUES(104, 106, 'ACCEPTED', '2023-09-22 18:30:05', NULL, 0);

INSERT INTO PUBLIC.FOLLOWS
(FOLLOWER_ID, FOLLOWED_ID, REQUEST_STATUS, FOLLOWED_AT, UNFOLLOWED_AT, VERSION)
VALUES(105, 106, 'ACCEPTED', '2023-09-22 18:30:05', NULL, 0);

-- Post of profile 101
-- Post 101 to be deleted in PostsIT
INSERT INTO PUBLIC.POST
(ID, CONTENT_URL, CAPTION, POST_TYPE, CREATED_AT, UPDATED_AT, DELETED_AT, VERSION, PROFILE_ID)
VALUES(101, 'https://upload.wikimedia.org/wikipedia/commons/9/9a/Cape_may.jpg', 'This is the caption', 'POST', '2023-09-22 19:15:30', NULL, NULL, 0, 101);
INSERT INTO PUBLIC.POST
(ID, CONTENT_URL, CAPTION, POST_TYPE, CREATED_AT, UPDATED_AT, DELETED_AT, VERSION, PROFILE_ID)
VALUES(102, 'https://upload.wikimedia.org/wikipedia/commons/9/9a/Cape_may.jpg', 'This is the caption', 'POST', '2023-09-22 19:15:30', NULL, NULL, 0, 101);
INSERT INTO PUBLIC.POST
(ID, CONTENT_URL, CAPTION, POST_TYPE, CREATED_AT, UPDATED_AT, DELETED_AT, VERSION, PROFILE_ID)
VALUES(103, 'https://upload.wikimedia.org/wikipedia/commons/9/9a/Cape_may.jpg', 'This is the caption', 'STORY', '2024-09-22 19:15:30', NULL, NULL, 0, 101);

-- Post of profile 102
INSERT INTO PUBLIC.POST
(ID, CONTENT_URL, CAPTION, POST_TYPE, CREATED_AT, UPDATED_AT, DELETED_AT, VERSION, PROFILE_ID)
VALUES(104, 'https://upload.wikimedia.org/wikipedia/commons/9/9a/Cape_may.jpg', 'This is the caption', 'POST', '2023-09-22 19:15:30', NULL, NULL, 0, 102);
INSERT INTO PUBLIC.POST
(ID, CONTENT_URL, CAPTION, POST_TYPE, CREATED_AT, UPDATED_AT, DELETED_AT, VERSION, PROFILE_ID)
VALUES(105, 'https://upload.wikimedia.org/wikipedia/commons/9/9a/Cape_may.jpg', 'This is the caption', 'POST', '2023-09-22 19:15:30', NULL, NULL, 0, 102);
INSERT INTO PUBLIC.POST
(ID, CONTENT_URL, CAPTION, POST_TYPE, CREATED_AT, UPDATED_AT, DELETED_AT, VERSION, PROFILE_ID)
VALUES(106, 'https://upload.wikimedia.org/wikipedia/commons/9/9a/Cape_may.jpg', 'This is the caption', 'STORY', '2023-09-22 19:15:30', NULL, NULL, 0, 102);

-- Post of profile 103
INSERT INTO PUBLIC.POST
(ID, CONTENT_URL, CAPTION, POST_TYPE, CREATED_AT, UPDATED_AT, DELETED_AT, VERSION, PROFILE_ID)
VALUES(107, 'https://upload.wikimedia.org/wikipedia/commons/9/9a/Cape_may.jpg', 'This is the caption', 'POST', '2023-09-22 19:15:30', NULL, NULL, 0, 103);
INSERT INTO PUBLIC.POST
(ID, CONTENT_URL, CAPTION, POST_TYPE, CREATED_AT, UPDATED_AT, DELETED_AT, VERSION, PROFILE_ID)
VALUES(108, 'https://upload.wikimedia.org/wikipedia/commons/9/9a/Cape_may.jpg', 'This is the caption', 'POST', '2023-09-22 19:15:30', NULL, NULL, 0, 103);
INSERT INTO PUBLIC.POST
(ID, CONTENT_URL, CAPTION, POST_TYPE, CREATED_AT, UPDATED_AT, DELETED_AT, VERSION, PROFILE_ID)
VALUES(109, 'https://upload.wikimedia.org/wikipedia/commons/9/9a/Cape_may.jpg', 'This is the caption', 'STORY', '2023-09-22 19:15:30', NULL, NULL, 0, 103);

-- Post of profile 104
INSERT INTO PUBLIC.POST
(ID, CONTENT_URL, CAPTION, POST_TYPE, CREATED_AT, UPDATED_AT, DELETED_AT, VERSION, PROFILE_ID)
VALUES(110, 'https://upload.wikimedia.org/wikipedia/commons/9/9a/Cape_may.jpg', 'This is the caption', 'POST', '2023-09-22 19:15:30', NULL, NULL, 0, 104);
INSERT INTO PUBLIC.POST
(ID, CONTENT_URL, CAPTION, POST_TYPE, CREATED_AT, UPDATED_AT, DELETED_AT, VERSION, PROFILE_ID)
VALUES(111, 'https://upload.wikimedia.org/wikipedia/commons/9/9a/Cape_may.jpg', 'This is the caption', 'POST', '2023-09-22 19:15:30', NULL, NULL, 0, 104);
INSERT INTO PUBLIC.POST
(ID, CONTENT_URL, CAPTION, POST_TYPE, CREATED_AT, UPDATED_AT, DELETED_AT, VERSION, PROFILE_ID)
VALUES(112, 'https://upload.wikimedia.org/wikipedia/commons/9/9a/Cape_may.jpg', 'This is the caption', 'STORY', '2023-09-22 19:15:30', NULL, NULL, 0, 104);

-- Post of profile 105
INSERT INTO PUBLIC.POST
(ID, CONTENT_URL, CAPTION, POST_TYPE, CREATED_AT, UPDATED_AT, DELETED_AT, VERSION, PROFILE_ID)
VALUES(113, 'https://upload.wikimedia.org/wikipedia/commons/9/9a/Cape_may.jpg', 'This is the caption', 'POST', '2023-09-22 19:15:30', NULL, NULL, 0, 105);
INSERT INTO PUBLIC.POST
(ID, CONTENT_URL, CAPTION, POST_TYPE, CREATED_AT, UPDATED_AT, DELETED_AT, VERSION, PROFILE_ID)
VALUES(114, 'https://upload.wikimedia.org/wikipedia/commons/9/9a/Cape_may.jpg', 'This is the caption', 'POST', '2023-09-22 19:15:30', NULL, NULL, 0, 105);
INSERT INTO PUBLIC.POST
(ID, CONTENT_URL, CAPTION, POST_TYPE, CREATED_AT, UPDATED_AT, DELETED_AT, VERSION, PROFILE_ID)
VALUES(115, 'https://upload.wikimedia.org/wikipedia/commons/9/9a/Cape_may.jpg', 'This is the caption', 'STORY', '2023-09-22 19:15:30', NULL, NULL, 0, 105);

-- Post of profile 106
-- Post 116 to be updated in PostsIT
INSERT INTO PUBLIC.POST
(ID, CONTENT_URL, CAPTION, POST_TYPE, CREATED_AT, UPDATED_AT, DELETED_AT, VERSION, PROFILE_ID)
VALUES(116, 'https://upload.wikimedia.org/wikipedia/commons/9/9a/Cape_may.jpg', 'This is the caption', 'POST', '2023-09-22 19:15:30', NULL, NULL, 0, 106);
INSERT INTO PUBLIC.POST
(ID, CONTENT_URL, CAPTION, POST_TYPE, CREATED_AT, UPDATED_AT, DELETED_AT, VERSION, PROFILE_ID)
VALUES(117, 'https://upload.wikimedia.org/wikipedia/commons/9/9a/Cape_may.jpg', 'This is the caption', 'POST', '2023-09-22 19:15:30', NULL, NULL, 0, 106);
INSERT INTO PUBLIC.POST
(ID, CONTENT_URL, CAPTION, POST_TYPE, CREATED_AT, UPDATED_AT, DELETED_AT, VERSION, PROFILE_ID)
VALUES(118, 'https://upload.wikimedia.org/wikipedia/commons/9/9a/Cape_may.jpg', 'This is the caption', 'STORY', '2023-09-22 19:15:30', NULL, NULL, 0, 106);

INSERT INTO PUBLIC.LIKES
(PROFILE_ID, POST_ID, CREATED_AT, DELETED_AT, VERSION)
VALUES(101, 102, '2023-09-22 19:15:30', NULL, 0);

INSERT INTO PUBLIC.LIKES
(PROFILE_ID, POST_ID, CREATED_AT, DELETED_AT, VERSION)
VALUES(106, 101, '2023-09-22 19:15:30', NULL, 0);

INSERT INTO PUBLIC.LIKES
(PROFILE_ID, POST_ID, CREATED_AT, DELETED_AT, VERSION)
VALUES(106, 104, '2023-09-22 19:15:30', NULL, 0);

INSERT INTO PUBLIC.LIKES
(PROFILE_ID, POST_ID, CREATED_AT, DELETED_AT, VERSION)
VALUES(101, 116, '2023-09-22 19:15:30', NULL, 0);

INSERT INTO PUBLIC.LIKES
(PROFILE_ID, POST_ID, CREATED_AT, DELETED_AT, VERSION)
VALUES(103, 116, '2023-09-22 19:15:30', NULL, 0);

INSERT INTO PUBLIC.LIKES
(PROFILE_ID, POST_ID, CREATED_AT, DELETED_AT, VERSION)
VALUES(104, 116, '2023-09-22 19:15:30', NULL, 0);

INSERT INTO PUBLIC.LIKES
(PROFILE_ID, POST_ID, CREATED_AT, DELETED_AT, VERSION)
VALUES(105, 116, '2023-09-22 19:15:30', NULL, 0);

-- Comment to be updated in PostsIT
INSERT INTO PUBLIC.COMMENT
(ID, CONTENT, CREATED_AT, UPDATED_AT, DELETED_AT, VERSION, PROFILE_ID, POST_ID)
VALUES(101, 'Commento al post', '2023-09-22 19:15:30', NULL, NULL, 0, 101, 116);

INSERT INTO PUBLIC.COMMENT
(ID, CONTENT, CREATED_AT, UPDATED_AT, DELETED_AT, VERSION, PROFILE_ID, POST_ID)
VALUES(102, 'Commento al post', '2023-09-22 19:15:30', NULL, NULL, 0, 103, 116);

INSERT INTO PUBLIC.COMMENT
(ID, CONTENT, CREATED_AT, UPDATED_AT, DELETED_AT, VERSION, PROFILE_ID, POST_ID)
VALUES(103, 'Commento al post', '2023-09-22 19:15:30', NULL, '2023-09-22 20:15:30', 0, 104, 116);

INSERT INTO PUBLIC.COMMENT
(ID, CONTENT, CREATED_AT, UPDATED_AT, DELETED_AT, VERSION, PROFILE_ID, POST_ID)
VALUES(104, 'Commento al post', '2023-09-22 19:15:30', NULL, NULL, 0, 105, 116);

-- Comment to be deleted in PostsIT
INSERT INTO PUBLIC.COMMENT
(ID, CONTENT, CREATED_AT, UPDATED_AT, DELETED_AT, VERSION, PROFILE_ID, POST_ID)
VALUES(105, 'Commento al post', '2023-09-22 19:15:30', NULL, NULL, 0, 106, 116);